COMMENT  ####
COMMENT  #  ORGANIZATION - MINIMAL SUBSET  (FOR HR)
COMMENT  ####
MERGE|Organization|SourceSystemOwner|SourceSystemId|EffectiveStartDate|Name|ClassificationCode|LocationId(SourceSystemId)
MERGE|Organization|ALTAHRN01|ACCSERV|01/01/1951|Academic Services                                                                          |DEPARTMENT|LOC-HR-EDGBASTON
MERGE|Organization|ALTAHRN01|ALTABIO|01/01/1951|Alta Bioscience|DEPARTMENT|LOC-HR-EDGBASTON
MERGE|Organization|ALTAHRN01|AECHEEP|01/01/1951|Alta Estates and CHEEP                                                                     |DEPARTMENT|LOC-HR-EDGBASTON
MERGE|Organization|ALTAHRN01|APPSERV|01/01/1951|Application Services|DEPARTMENT|LOC-HR-EDGBASTON
MERGE|Organization|ALTAHRN01|BIOMED|01/01/1951|Biomedical Services Unit|DEPARTMENT|LOC-HR-EDGBASTON
MERGE|Organization|ALTAHRN01|BBS|01/01/1951|Birmingham Business School|DEPARTMENT|LOC-HR-EDGBASTON
MERGE|Organization|ALTAHRN01|BIA|01/01/1951|Birmingham International Academy|DEPARTMENT|LOC-HR-EDGBASTON
MERGE|Organization|ALTAHRN01|BLS|01/01/1951|Birmingham Law School|DEPARTMENT|LOC-HR-EDGBASTON
MERGE|Organization|ALTAHRN01|BSC|01/01/1951|BSC|DEPARTMENT|LOC-HR-EDGBASTON
MERGE|Organization|ALTAHRN01|CARNET|01/01/1951|Careers Network                                                                            |DEPARTMENT|LOC-HR-EDGBASTON
MERGE|Organization|ALTAHRN01|CATOP|01/01/1951|Catering Operations|DEPARTMENT|LOC-HR-EDGBASTON
MERGE|Organization|ALTAHRN01|CATSUPP|01/01/1951|Catering Support|DEPARTMENT|LOC-HR-EDGBASTON
MERGE|Organization|ALTAHRN01|LADLS|01/01/1951|Centre for Learning & Academic Development and Learning Spaces                               |DEPARTMENT|LOC-HR-EDGBASTON
MERGE|Organization|ALTAHRN01|COL_AL|01/01/1951|College of Arts and Law|DEPARTMENT|LOC-HR-EDGBASTON
MERGE|Organization|ALTAHRN01|COL_ALHUB|09/11/2016|College of Arts and Law Hub|DEPARTMENT|LOC-HR-EDGBASTON
MERGE|Organization|ALTAHRN01|COL_EPS|01/01/1951|College of Engineering and Physical Sciences|DEPARTMENT|LOC-HR-EDGBASTON
MERGE|Organization|ALTAHRN01|COL_LES|01/01/1951|College of Life and Environmental Sciences|DEPARTMENT|LOC-HR-EDGBASTON
MERGE|Organization|ALTAHRN01|COL_MDS|01/01/1951|College of Medical and Dental Sciences|DEPARTMENT|LOC-HR-EDGBASTON
MERGE|Organization|ALTAHRN01|COL_SS|01/01/1951|College of Social Sciences|DEPARTMENT|LOC-HR-EDGBASTON
MERGE|Organization|ALTAHRN01|CORPSERV|01/01/1951|Corporate Services|DEPARTMENT|LOC-HR-EDGBASTON
MERGE|Organization|ALTAHRN01|ACC|01/01/1951|Department of Accounting|DEPARTMENT|LOC-HR-EDGBASTON
MERGE|Organization|ALTAHRN01|EESE|21/02/2017|Department of Electronic  Electrical and Systems Engineering|DEPARTMENT|LOC-HR-EDGBASTON
MERGE|Organization|ALTAHRN01|DESSE|01/01/1951|DESSE|DEPARTMENT|LOC-HR-EDGBASTON
MERGE|Organization|ALTAHRN01|EMCP|01/01/1951|Estates Managed Capital Projects|DEPARTMENT|LOC-HR-EDGBASTON
MERGE|Organization|ALTAHRN01|EPG|01/01/1951|Executive Practice Group                                                                   |DEPARTMENT|LOC-HR-EDGBASTON
MERGE|Organization|ALTAHRN01|FO|01/01/1951|Finance Office|DEPARTMENT|LOC-HR-EDGBASTON
MERGE|Organization|ALTAHRN01|FO_ACC|01/01/1951|Finance Office - Accounting|DEPARTMENT|LOC-HR-EDGBASTON
MERGE|Organization|ALTAHRN01|FO_PAYPEN|01/01/1951|Finance Office - Payroll and Pensions|DEPARTMENT|LOC-HR-EDGBASTON
MERGE|Organization|ALTAHRN01|FO_TM|01/01/1951|Finance Office - Treasury Management|DEPARTMENT|LOC-HR-EDGBASTON
MERGE|Organization|ALTAHRN01|HAS|01/01/1951|HAS|DEPARTMENT|LOC-HR-EDGBASTON
MERGE|Organization|ALTAHRN01|HOSP_ACC_SERV|01/01/1951|Hospitality and Accommodation Services|DEPARTMENT|LOC-HR-EDGBASTON
MERGE|Organization|ALTAHRN01|HR_PERFTRANCHG|01/01/1951|HR Performance  Transformation and Change|DEPARTMENT|LOC-HR-EDGBASTON
MERGE|Organization|ALTAHRN01|HR_SERVDEL|01/01/1951|HR Service Delivery|DEPARTMENT|LOC-HR-EDGBASTON
MERGE|Organization|ALTAHRN01|HR_STRATPOL|01/01/1951|HR Strategy and Policy|DEPARTMENT|LOC-HR-EDGBASTON
MERGE|Organization|ALTAHRN01|HUMRES|01/01/1951|Human Resources|DEPARTMENT|LOC-HR-EDGBASTON
MERGE|Organization|ALTAHRN01|INS_ADVSTUD|01/01/1951|Institute of Advanced Studies|DEPARTMENT|LOC-HR-EDGBASTON
MERGE|Organization|ALTAHRN01|INS_CVSCI|01/01/1951|Institute of Cardiovascular Sciences|DEPARTMENT|LOC-HR-EDGBASTON
MERGE|Organization|ALTAHRN01|INS_CLINSCI|01/01/1951|Institute of Clinical Sciences|DEPARTMENT|LOC-HR-EDGBASTON
MERGE|Organization|ALTAHRN01|INS_DENTIST|01/01/1951|Institute of Dentistry|DEPARTMENT|LOC-HR-EDGBASTON
MERGE|Organization|ALTAHRN01|INS_INFAGE|01/01/1951|Institute of Inflammation and Ageing|DEPARTMENT|LOC-HR-EDGBASTON
MERGE|Organization|ALTAHRN01|INS_PHARM|01/01/1951|Institute of Pharmacy|DEPARTMENT|LOC-HR-EDGBASTON
MERGE|Organization|ALTAHRN01|INS_CANGEN|01/01/1951|Institutue of Cancer and Genomics|DEPARTMENT|LOC-HR-EDGBASTON
MERGE|Organization|ALTAHRN01|INS_MED|01/01/1951|Institutue of Medicine|DEPARTMENT|LOC-HR-EDGBASTON
MERGE|Organization|ALTAHRN01|IRRMAINT|01/01/1951|Irregular Maintenance|DEPARTMENT|LOC-HR-EDGBASTON
MERGE|Organization|ALTAHRN01|ITINFRA|01/01/2001|IT Infrastructure|DEPARTMENT|LOC-HR-EDGBASTON
MERGE|Organization|ALTAHRN01|ITINFRA_SECPROJ|01/01/1951|IT Infrastructure - secured Projects Set|DEPARTMENT|LOC-HR-EDGBASTON
MERGE|Organization|ALTAHRN01|ITPROJ|01/01/1951|IT Projects|DEPARTMENT|LOC-HR-EDGBASTON
MERGE|Organization|ALTAHRN01|ITSTRAT|01/01/1951|IT Strategy|DEPARTMENT|LOC-HR-EDGBASTON
MERGE|Organization|ALTAHRN01|LIBSERV|01/01/1951|Library Services                                                                           |DEPARTMENT|LOC-HR-EDGBASTON
MERGE|Organization|ALTAHRN01|LIBSERV_ACADEMIC|01/01/1951|Library Services - Academic Liaison  Learning and Research Support and Academic Skills|DEPARTMENT|LOC-HR-EDGBASTON
MERGE|Organization|ALTAHRN01|LIBSERV_COLLMGTTDEV|01/01/1951|Library Services - Collection Management and Development                                     |DEPARTMENT|LOC-HR-EDGBASTON
MERGE|Organization|ALTAHRN01|LIBSERV_DIROFF|01/01/1951|Library Services - Directors Office                                                          |DEPARTMENT|LOC-HR-EDGBASTON
MERGE|Organization|ALTAHRN01|LIBSERV_CUSTSUPP|01/01/1951|Library Services - Library Customer Support                                                  |DEPARTMENT|LOC-HR-EDGBASTON
MERGE|Organization|ALTAHRN01|NETMAINT|01/01/1951|Network Maintenance|DEPARTMENT|LOC-HR-EDGBASTON
MERGE|Organization|ALTAHRN01|NETREFRESH|31/10/2016|Network Refresh|DEPARTMENT|LOC-HR-EDGBASTON
MERGE|Organization|ALTAHRN01|OLD_CHEMENG|01/01/2001|Old School of Chemical Engineering|DEPARTMENT|LOC-HR-EDGBASTON
MERGE|Organization|ALTAHRN01|OLD_CHEM|01/01/2001|Old School of Chemistry|DEPARTMENT|LOC-HR-EDGBASTON
MERGE|Organization|ALTAHRN01|OLD_CIVENG|01/01/2001|Old School of Civil Engineering|DEPARTMENT|LOC-HR-EDGBASTON
MERGE|Organization|ALTAHRN01|OLD_COMPSCI|16/11/2016|Old School of Computer Science|DEPARTMENT|LOC-HR-EDGBASTON
MERGE|Organization|ALTAHRN01|OTHERINS|01/01/1951|Other Instututional Areas|DEPARTMENT|LOC-HR-EDGBASTON
MERGE|Organization|ALTAHRN01|PROFSERV|01/01/1951|Professional Services|DEPARTMENT|LOC-HR-EDGBASTON
MERGE|Organization|ALTAHRN01|REGSEC|01/01/1951|Registrar and Secretary's Office|DEPARTMENT|LOC-HR-EDGBASTON
MERGE|Organization|ALTAHRN01|REG|01/01/1951|Registry|DEPARTMENT|LOC-HR-EDGBASTON
MERGE|Organization|ALTAHRN01|RES_SEC1|01/01/1951|Research Secured 1|DEPARTMENT|LOC-HR-EDGBASTON
MERGE|Organization|ALTAHRN01|RES_SEC2|01/01/1951|Research Secured 2|DEPARTMENT|LOC-HR-EDGBASTON
MERGE|Organization|ALTAHRN01|RES_SEC3|01/01/1951|Research Secured 3|DEPARTMENT|LOC-HR-EDGBASTON
MERGE|Organization|ALTAHRN01|RES_SEC4|01/01/1951|Research Secured 4|DEPARTMENT|LOC-HR-EDGBASTON
MERGE|Organization|ALTAHRN01|SCH_LCAHM|01/01/1951|School of Biosciences|DEPARTMENT|LOC-HR-EDGBASTON
MERGE|Organization|ALTAHRN01|SCH_BIOSCI|01/01/1901|School of Chemical Engineering|DEPARTMENT|LOC-HR-EDGBASTON
MERGE|Organization|ALTAHRN01|SCH_CHEMENG|01/01/1901|School of Chemistry|DEPARTMENT|LOC-HR-EDGBASTON
MERGE|Organization|ALTAHRN01|SCH_CHEM|01/01/1951|School of Civil Engineering|DEPARTMENT|LOC-HR-EDGBASTON
MERGE|Organization|ALTAHRN01|SCH_CIVENG|01/01/1901|School of Computer Science|DEPARTMENT|LOC-HR-EDGBASTON
MERGE|Organization|ALTAHRN01|SCH_COMPSCI|01/01/1951|School of Dentistry|DEPARTMENT|LOC-HR-EDGBASTON
MERGE|Organization|ALTAHRN01|SCH_DENTISTRY|01/01/1951|School of Education|DEPARTMENT|LOC-HR-EDGBASTON
MERGE|Organization|ALTAHRN01|SCH_EDUC|01/01/1951|School of Engineering|DEPARTMENT|LOC-HR-EDGBASTON
MERGE|Organization|ALTAHRN01|SCH_ENG|01/01/1951|School of English  Drama and American and Canadian Studies|DEPARTMENT|LOC-HR-EDGBASTON
MERGE|Organization|ALTAHRN01|SCH_EAACS|01/01/1951|School of Geography  Earth and Environmental Sciences|DEPARTMENT|LOC-HR-EDGBASTON
MERGE|Organization|ALTAHRN01|SCH_GEES|01/01/1951|School of Languages Cultures  Art History and Music|DEPARTMENT|LOC-HR-EDGBASTON
MERGE|Organization|ALTAHRN01|SCH_MATHS|01/01/1951|School of Mathematics|DEPARTMENT|LOC-HR-EDGBASTON
MERGE|Organization|ALTAHRN01|SCH_METMAT|01/01/1951|School of Metallurgy and Materials|DEPARTMENT|LOC-HR-EDGBASTON
MERGE|Organization|ALTAHRN01|SCH_PTR|01/01/1951|School of Philosophy  Theology and Religion|DEPARTMENT|LOC-HR-EDGBASTON
MERGE|Organization|ALTAHRN01|SCH_PHYSASTRO|01/01/1951|School of Physics and Astronomy|DEPARTMENT|LOC-HR-EDGBASTON
MERGE|Organization|ALTAHRN01|SCH_PSYCHOLOGY|01/01/1951|School of Psychology|DEPARTMENT|LOC-HR-EDGBASTON
MERGE|Organization|ALTAHRN01|DEP SPECCOLL|01/01/1951|Special Collections                                                                          |DEPARTMENT|LOC-HR-EDGBASTON
MERGE|Organization|ALTAHRN01|STRATPLAN|01/01/1951|Strategic Planning|DEPARTMENT|LOC-HR-EDGBASTON
MERGE|Organization|ALTAHRN01|STUDSERV|01/01/1951|Student Services                                                                           |DEPARTMENT|LOC-HR-EDGBASTON
MERGE|Organization|ALTAHRN01|TEACHLEARN|01/01/1951|Teaching and Learning|DEPARTMENT|LOC-HR-EDGBASTON
MERGE|Organization|ALTAHRN01|UNIADMIN|01/01/1951|University Administrative Services|DEPARTMENT|LOC-HR-EDGBASTON
MERGE|Organization|ALTAHRN01|UNISERVICES|01/01/1951|University Services|DEPARTMENT|LOC-HR-EDGBASTON
MERGE|Organization|ALTAHRN01|VCSUITE|01/01/1951|Vice-Chancellors' Suite|DEPARTMENT|LOC-HR-EDGBASTON
MERGE|Organization|ALTAHRN01|WORKLINK|01/01/1951|Worklink|DEPARTMENT|LOC-HR-EDGBASTON

COMMENT #  DIVISION

MERGE|Organization|ALTAHRN01|DIV_COL_SS|01/01/1951|College of Social Sciences|HCM_DIVISION|LOC_HR_EDGBASTON
MERGE|Organization|ALTAHRN01|DIV_COL_AL|01/01/1951|College of Arts and Law|HCM_DIVISION|LOC_HR_EDGBASTON
MERGE|Organization|ALTAHRN01|DIV_COL_EPS|01/01/1951|College of Engineering and Physical Sciences|HCM_DIVISION|LOC_HR_EDGBASTON
MERGE|Organization|ALTAHRN01|DIV_COL_LES|01/01/1951|College of Life and Environmental Sciences|HCM_DIVISION|LOC_HR_EDGBASTON
MERGE|Organization|ALTAHRN01|DIV_COL_MDS|01/01/1951|College of Medical and Dental Sciences|HCM_DIVISION|LOC_HR_EDGBASTON
MERGE|Organization|ALTAHRN01|DIV_COL_PS|01/01/1951|Professional Services|HCM_DIVISION|LOC_HR_EDGBASTON
MERGE|Organization|ALTAHRN01|DIV_COL_OTHER|01/01/1951|Other Instututional Areas|HCM_DIVISION|LOC_HR_EDGBASTON

COMMENT #  PAYROLL STATUTORY UNIT

MERGE|Organization|ALTAHRN01|UOB_PSU|0001-01-01|The University of Birmingham|HCM_PSU|
MERGE|Organization|ALTAHRN01|UOB_SCHOOL_NEW__PSU|0001-01-01|The University of Birmingham School-NEW|HCM_PSU|
MERGE|Organization|ALTAHRN01|UOB_PAS_PSU|0001-01-01|The University of Birmingham Pension and Assurance Scheme|HCM_PSU|
MERGE|Organization|ALTAHRN01|ALTA_CYCLO_PSU|0001-01-01|Alta Cyclotron Services Limited|HCM_PSU|||I
MERGE|Organization|ALTAHRN01|UOB_CHINA_PSU|0001-01-01|Alta Birmingham China Limited|HCM_PSU|||I
MERGE|Organization|ALTAHRN01|UOB_SELLYOAK_PSU|0001-01-01|The University of Birmingham Selly Oak Educational Trust|HCM_PSU|||I
MERGE|Organization|ALTAHRN01|ALTA_INNOV_PSU|0001-01-01|Alta Innovations Limited|HCM_PSU|
MERGE|Organization|ALTAHRN01|BRP_PSU|0001-01-01|Birmingham Research Park Limited|HCM_PSU|||I
MERGE|Organization|ALTAHRN01|UOB_SCHOOL_PSU|0001-01-01|The University of Birmingham School|HCM_PSU|
MERGE|Organization|ALTAHRN01|RUSSELL_PSU|0001-01-01|Russell Group|HCM_PSU|

COMMENT #  TAX REPORTING UNIT

MERGE|Organization|ALTAHRN01|UOB_TRU|0001-01-01|The University of Birmingham|HCM_TRU|
MERGE|Organization|ALTAHRN01|UOB_PAS_TRU|0001-01-01|The University of Birmingham Pension and Assurance Scheme|HCM_TRU|
MERGE|Organization|ALTAHRN01|ALTA_INNOV_TRU|0001-01-01|Alta Innovations Limited|HCM_TRU|
MERGE|Organization|ALTAHRN01|UOB_SCHOOL_TRU|0001-01-01|The University of Birmingham School|HCM_TRU|

COMMENT #  LEGAL REPORTING UNIT

MERGE|Organization|ALTAHRN01|UOB_LRU|0001-01-01|The University of Birmingham|HCM_LRU|
MERGE|Organization|ALTAHRN01|UOB_SCHOOL_NEW__LRU|0001-01-01|The University of Birmingham School-NEW|HCM_LRU|
MERGE|Organization|ALTAHRN01|UOB_PAS_LRU|0001-01-01|The University of Birmingham Pension and Assurance Scheme|HCM_LRU|
MERGE|Organization|ALTAHRN01|ALTA_CYCLO_LRU|0001-01-01|Alta Cyclotron Services Limited|HCM_LRU|
MERGE|Organization|ALTAHRN01|UOB_CHINA_LRU|0001-01-01|Alta Birmingham China Limited|HCM_LRU|
MERGE|Organization|ALTAHRN01|UOB_SELLYOAK_LRU|0001-01-01|The University of Birmingham Selly Oak Educational Trust|HCM_LRU|
MERGE|Organization|ALTAHRN01|ALTA_INNOV_LRU|0001-01-01|Alta Innovations Limited|HCM_LRU|
MERGE|Organization|ALTAHRN01|BRP_LRU|0001-01-01|Birmingham Research Park Limited|HCM_LRU|
MERGE|Organization|ALTAHRN01|UOB_SCHOOL_LRU|0001-01-01|The University of Birmingham School|HCM_LRU|
MERGE|Organization|ALTAHRN01|RUSSELL_LRU|0001-01-01|Russell Group|HCM_LRU|

COMMENT #  LEGAL EMPOLOYER

MERGE|Organization|ALTAHRN01|UOB_LEMP|0001-01-01|The University of Birmingham|HCM_LEMP|
MERGE|Organization|ALTAHRN01|UOB_SCHOOL_NEW__LEMP|0001-01-01|The University of Birmingham School-NEW|HCM_LEMP|
MERGE|Organization|ALTAHRN01|UOB_PAS_LEMP|0001-01-01|The University of Birmingham Pension and Assurance Scheme|HCM_LEMP|
MERGE|Organization|ALTAHRN01|ALTA_CYCLO_LEMP|0001-01-01|Alta Cyclotron Services Limited|HCM_LEMP|
MERGE|Organization|ALTAHRN01|UOB_CHINA_LEMP|0001-01-01|Alta Birmingham China Limited|HCM_LEMP|
MERGE|Organization|ALTAHRN01|UOB_SELLYOAK_LEMP|0001-01-01|The University of Birmingham Selly Oak Educational Trust|HCM_LEMP|
MERGE|Organization|ALTAHRN01|ALTA_INNOV_LEMP|0001-01-01|Alta Innovations Limited|HCM_LEMP|
MERGE|Organization|ALTAHRN01|BRP_LEMP|0001-01-01|Birmingham Research Park Limited|HCM_LEMP|
MERGE|Organization|ALTAHRN01|UOB_SCHOOL_LEMP|0001-01-01|The University of Birmingham School|HCM_LEMP|
MERGE|Organization|ALTAHRN01|RUSSELL_LEMP|0001-01-01|Russell Group|HCM_LEMP|

COMMENT #  REPORTING ESTABLISHMENT

MERGE|Organization|ALTAHRN01|UOB_RE|0001-01-01|The University of Birmingham|HCM_REPORTING_ESTABLISHMENT|
MERGE|Organization|ALTAHRN01|UOB-PAS_RE|0001-01-01|The University of Birmingham Pension and Assurance Scheme|HCM_REPORTING_ESTABLISHMENT|

COMMENT  ####
COMMENT  #  ORGUNITCLASSIFICATION - MINIMAL SUBSET  (FOR HR)
COMMENT  ####
METADATA|OrgUnitClassification|SourceSystemOwner|SourceSystemId|EffectiveStartDate|OrganizationId(SourceSystemId)|ClassificationCode|SetId|Status
MERGE|OrgUnitClassification|ALTAHRN01|ACCSERV_DEPT|1951-01-01|ACCSERV|DEPARTMENT|300000001493021|A
MERGE|OrgUnitClassification|ALTAHRN01|ALTABIO_DEPT|1951-01-01|ALTABIO|DEPARTMENT|300000001493021|A
MERGE|OrgUnitClassification|ALTAHRN01|AECHEEP_DEPT|1951-01-01|AECHEEP|DEPARTMENT|300000001493021|A
MERGE|OrgUnitClassification|ALTAHRN01|APPSERV_DEPT|1951-01-01|APPSERV|DEPARTMENT|300000001493021|A
MERGE|OrgUnitClassification|ALTAHRN01|BIOMED_DEPT|1951-01-01|BIOMED|DEPARTMENT|300000001493021|A
MERGE|OrgUnitClassification|ALTAHRN01|BBS_DEPT|1951-01-01|BBS|DEPARTMENT|300000001493021|A
MERGE|OrgUnitClassification|ALTAHRN01|BIA_DEPT|1951-01-01|BIA|DEPARTMENT|300000001493021|A
MERGE|OrgUnitClassification|ALTAHRN01|BLS_DEPT|1951-01-01|BLS|DEPARTMENT|300000001493021|A
MERGE|OrgUnitClassification|ALTAHRN01|BSC_DEPT|1951-01-01|BSC|DEPARTMENT|300000001493021|A
MERGE|OrgUnitClassification|ALTAHRN01|CARNET_DEPT|1951-01-01|CARNET|DEPARTMENT|300000001493021|A
MERGE|OrgUnitClassification|ALTAHRN01|CATOP_DEPT|1951-01-01|CATOP|DEPARTMENT|300000001493021|A
MERGE|OrgUnitClassification|ALTAHRN01|CATSUPP_DEPT|1951-01-01|CATSUPP|DEPARTMENT|300000001493021|A
MERGE|OrgUnitClassification|ALTAHRN01|LADLS_DEPT|1951-01-01|LADLS|DEPARTMENT|300000001493021|A
MERGE|OrgUnitClassification|ALTAHRN01|COL_AL_DEPT|1951-01-01|COL_AL|DEPARTMENT|300000001493021|A
MERGE|OrgUnitClassification|ALTAHRN01|COL_ALHUB_DEPT|2016-11-09|COL_ALHUB|DEPARTMENT|300000001493021|A
MERGE|OrgUnitClassification|ALTAHRN01|COL_EPS_DEPT|1951-01-01|COL_EPS|DEPARTMENT|300000001493021|A
MERGE|OrgUnitClassification|ALTAHRN01|COL_LES_DEPT|1951-01-01|COL_LES|DEPARTMENT|300000001493021|A
MERGE|OrgUnitClassification|ALTAHRN01|COL_MDS_DEPT|1951-01-01|COL_MDS|DEPARTMENT|300000001493021|A
MERGE|OrgUnitClassification|ALTAHRN01|COL_SS_DEPT|1951-01-01|COL_SS|DEPARTMENT|300000001493021|A
MERGE|OrgUnitClassification|ALTAHRN01|CORPSERV_DEPT|1951-01-01|CORPSERV|DEPARTMENT|300000001493021|A
MERGE|OrgUnitClassification|ALTAHRN01|ACC_DEPT|1951-01-01|ACC|DEPARTMENT|300000001493021|A
MERGE|OrgUnitClassification|ALTAHRN01|EESE_DEPT|2017-02-21|EESE|DEPARTMENT|300000001493021|A
MERGE|OrgUnitClassification|ALTAHRN01|DESSE_DEPT|1951-01-01|DESSE|DEPARTMENT|300000001493021|I
MERGE|OrgUnitClassification|ALTAHRN01|EMCP_DEPT|1951-01-01|EMCP|DEPARTMENT|300000001493021|A
MERGE|OrgUnitClassification|ALTAHRN01|EPG_DEPT|1951-01-01|EPG|DEPARTMENT|300000001493021|A
MERGE|OrgUnitClassification|ALTAHRN01|FO_DEPT|1951-01-01|FO|DEPARTMENT|300000001493021|A
MERGE|OrgUnitClassification|ALTAHRN01|FO_ACC_DEPT|1951-01-01|FO_ACC|DEPARTMENT|300000001493021|A
MERGE|OrgUnitClassification|ALTAHRN01|FO_PAYPEN_DEPT|1951-01-01|FO_PAYPEN|DEPARTMENT|300000001493021|A
MERGE|OrgUnitClassification|ALTAHRN01|FO_TM_DEPT|1951-01-01|FO_TM|DEPARTMENT|300000001493021|A
MERGE|OrgUnitClassification|ALTAHRN01|HAS_DEPT|1951-01-01|HAS|DEPARTMENT|300000001493021|A
MERGE|OrgUnitClassification|ALTAHRN01|HOSP_ACC_SERV_DEPT|1951-01-01|HOSP_ACC_SERV|DEPARTMENT|300000001493021|A
MERGE|OrgUnitClassification|ALTAHRN01|HR_PERFTRANCHG_DEPT|1951-01-01|HR_PERFTRANCHG|DEPARTMENT|300000001493021|A
MERGE|OrgUnitClassification|ALTAHRN01|HR_SERVDEL_DEPT|1951-01-01|HR_SERVDEL|DEPARTMENT|300000001493021|A
MERGE|OrgUnitClassification|ALTAHRN01|HR_STRATPOL_DEPT|1951-01-01|HR_STRATPOL|DEPARTMENT|300000001493021|A
MERGE|OrgUnitClassification|ALTAHRN01|HUMRES_DEPT|1951-01-01|HUMRES|DEPARTMENT|300000001493021|A
MERGE|OrgUnitClassification|ALTAHRN01|INS_ADVSTUD_DEPT|1951-01-01|INS_ADVSTUD|DEPARTMENT|300000001493021|A
MERGE|OrgUnitClassification|ALTAHRN01|INS_CVSCI_DEPT|1951-01-01|INS_CVSCI|DEPARTMENT|300000001493021|A
MERGE|OrgUnitClassification|ALTAHRN01|INS_CLINSCI_DEPT|1951-01-01|INS_CLINSCI|DEPARTMENT|300000001493021|A
MERGE|OrgUnitClassification|ALTAHRN01|INS_DENTIST_DEPT|1951-01-01|INS_DENTIST|DEPARTMENT|300000001493021|A
MERGE|OrgUnitClassification|ALTAHRN01|INS_INFAGE_DEPT|1951-01-01|INS_INFAGE|DEPARTMENT|300000001493021|A
MERGE|OrgUnitClassification|ALTAHRN01|INS_PHARM_DEPT|1951-01-01|INS_PHARM|DEPARTMENT|300000001493021|A
MERGE|OrgUnitClassification|ALTAHRN01|INS_CANGEN_DEPT|1951-01-01|INS_CANGEN|DEPARTMENT|300000001493021|A
MERGE|OrgUnitClassification|ALTAHRN01|INS_MED_DEPT|1951-01-01|INS_MED|DEPARTMENT|300000001493021|A
MERGE|OrgUnitClassification|ALTAHRN01|IRRMAINT_DEPT|1951-01-01|IRRMAINT|DEPARTMENT|300000001493021|A
MERGE|OrgUnitClassification|ALTAHRN01|ITINFRA_DEPT|2001-01-01|ITINFRA|DEPARTMENT|300000001493021|A
MERGE|OrgUnitClassification|ALTAHRN01|ITINFRA_SECPROJ_DEPT|1951-01-01|ITINFRA_SECPROJ|DEPARTMENT|300000001493021|A
MERGE|OrgUnitClassification|ALTAHRN01|ITPROJ_DEPT|1951-01-01|ITPROJ|DEPARTMENT|300000001493021|A
MERGE|OrgUnitClassification|ALTAHRN01|ITSTRAT_DEPT|1951-01-01|ITSTRAT|DEPARTMENT|300000001493021|A
MERGE|OrgUnitClassification|ALTAHRN01|LIBSERV_DEPT|1951-01-01|LIBSERV|DEPARTMENT|300000001493021|A
MERGE|OrgUnitClassification|ALTAHRN01|LIBSERV_ACADEMIC_DEPT|1951-01-01|LIBSERV_ACADEMIC|DEPARTMENT|300000001493021|A
MERGE|OrgUnitClassification|ALTAHRN01|LIBSERV_COLLMGTTDEV_DEPT|1951-01-01|LIBSERV_COLLMGTTDEV|DEPARTMENT|300000001493021|A
MERGE|OrgUnitClassification|ALTAHRN01|LIBSERV_DIROFF_DEPT|1951-01-01|LIBSERV_DIROFF|DEPARTMENT|300000001493021|A
MERGE|OrgUnitClassification|ALTAHRN01|LIBSERV_CUSTSUPP_DEPT|1951-01-01|LIBSERV_CUSTSUPP|DEPARTMENT|300000001493021|A
MERGE|OrgUnitClassification|ALTAHRN01|NETMAINT_DEPT|1951-01-01|NETMAINT|DEPARTMENT|300000001493021|A
MERGE|OrgUnitClassification|ALTAHRN01|NETREFRESH_DEPT|2016-10-31|NETREFRESH|DEPARTMENT|300000001493021|A
MERGE|OrgUnitClassification|ALTAHRN01|OLD_CHEMENG_DEPT|2001-01-01|OLD_CHEMENG|DEPARTMENT|300000001493021|A
MERGE|OrgUnitClassification|ALTAHRN01|OLD_CHEM_DEPT|2001-01-01|OLD_CHEM|DEPARTMENT|300000001493021|A
MERGE|OrgUnitClassification|ALTAHRN01|OLD_CIVENG_DEPT|2001-01-01|OLD_CIVENG|DEPARTMENT|300000001493021|A
MERGE|OrgUnitClassification|ALTAHRN01|OLD_COMPSCI_DEPT|2016-11-16|OLD_COMPSCI|DEPARTMENT|300000001493021|A
MERGE|OrgUnitClassification|ALTAHRN01|OTHERINS_DEPT|1951-01-01|OTHERINS|DEPARTMENT|300000001493021|A
MERGE|OrgUnitClassification|ALTAHRN01|PROFSERV_DEPT|1951-01-01|PROFSERV|DEPARTMENT|300000001493021|A
MERGE|OrgUnitClassification|ALTAHRN01|REGSEC_DEPT|1951-01-01|REGSEC|DEPARTMENT|300000001493021|A
MERGE|OrgUnitClassification|ALTAHRN01|REG_DEPT|1951-01-01|REG|DEPARTMENT|300000001493021|A
MERGE|OrgUnitClassification|ALTAHRN01|RES_SEC1_DEPT|1951-01-01|RES_SEC1|DEPARTMENT|300000001493021|A
MERGE|OrgUnitClassification|ALTAHRN01|RES_SEC2_DEPT|1951-01-01|RES_SEC2|DEPARTMENT|300000001493021|A
MERGE|OrgUnitClassification|ALTAHRN01|RES_SEC3_DEPT|1951-01-01|RES_SEC3|DEPARTMENT|300000001493021|A
MERGE|OrgUnitClassification|ALTAHRN01|RES_SEC4_DEPT|1951-01-01|RES_SEC4|DEPARTMENT|300000001493021|A
MERGE|OrgUnitClassification|ALTAHRN01|SCH_LCAHM_DEPT|1951-01-01|SCH_LCAHM|DEPARTMENT|300000001493021|A
MERGE|OrgUnitClassification|ALTAHRN01|SCH_BIOSCI_DEPT|1901-01-01|SCH_BIOSCI|DEPARTMENT|300000001493021|A
MERGE|OrgUnitClassification|ALTAHRN01|SCH_CHEMENG_DEPT|1901-01-01|SCH_CHEMENG|DEPARTMENT|300000001493021|A
MERGE|OrgUnitClassification|ALTAHRN01|SCH_CHEM_DEPT|1951-01-01|SCH_CHEM|DEPARTMENT|300000001493021|A
MERGE|OrgUnitClassification|ALTAHRN01|SCH_CIVENG_DEPT|1901-01-01|SCH_CIVENG|DEPARTMENT|300000001493021|A
MERGE|OrgUnitClassification|ALTAHRN01|SCH_COMPSCI_DEPT|1951-01-01|SCH_COMPSCI|DEPARTMENT|300000001493021|A
MERGE|OrgUnitClassification|ALTAHRN01|SCH_DENTISTRY_DEPT|1951-01-01|SCH_DENTISTRY|DEPARTMENT|300000001493021|A
MERGE|OrgUnitClassification|ALTAHRN01|SCH_EDUC_DEPT|1951-01-01|SCH_EDUC|DEPARTMENT|300000001493021|A
MERGE|OrgUnitClassification|ALTAHRN01|SCH_ENG_DEPT|1951-01-01|SCH_ENG|DEPARTMENT|300000001493021|A
MERGE|OrgUnitClassification|ALTAHRN01|SCH_EAACS_DEPT|1951-01-01|SCH_EAACS|DEPARTMENT|300000001493021|A
MERGE|OrgUnitClassification|ALTAHRN01|SCH_GEES_DEPT|1951-01-01|SCH_GEES|DEPARTMENT|300000001493021|A
MERGE|OrgUnitClassification|ALTAHRN01|SCH_MATHS_DEPT|1951-01-01|SCH_MATHS|DEPARTMENT|300000001493021|A
MERGE|OrgUnitClassification|ALTAHRN01|SCH_METMAT_DEPT|1951-01-01|SCH_METMAT|DEPARTMENT|300000001493021|A
MERGE|OrgUnitClassification|ALTAHRN01|SCH_PTR_DEPT|1951-01-01|SCH_PTR|DEPARTMENT|300000001493021|A
MERGE|OrgUnitClassification|ALTAHRN01|SCH_PHYSASTRO_DEPT|1951-01-01|SCH_PHYSASTRO|DEPARTMENT|300000001493021|A
MERGE|OrgUnitClassification|ALTAHRN01|SCH_PSYCHOLOGY_DEPT|1951-01-01|SCH_PSYCHOLOGY|DEPARTMENT|300000001493021|A
MERGE|OrgUnitClassification|ALTAHRN01|DEP SPECCOLL_DEPT|1951-01-01|DEP SPECCOLL|DEPARTMENT|300000001493021|A
MERGE|OrgUnitClassification|ALTAHRN01|STRATPLAN_DEPT|1951-01-01|STRATPLAN|DEPARTMENT|300000001493021|A
MERGE|OrgUnitClassification|ALTAHRN01|STUDSERV_DEPT|1951-01-01|STUDSERV|DEPARTMENT|300000001493021|A
MERGE|OrgUnitClassification|ALTAHRN01|TEACHLEARN_DEPT|1951-01-01|TEACHLEARN|DEPARTMENT|300000001493021|A
MERGE|OrgUnitClassification|ALTAHRN01|UNIADMIN_DEPT|1951-01-01|UNIADMIN|DEPARTMENT|300000001493021|A
MERGE|OrgUnitClassification|ALTAHRN01|UNISERVICES_DEPT|1951-01-01|UNISERVICES|DEPARTMENT|300000001493021|A
MERGE|OrgUnitClassification|ALTAHRN01|VCSUITE_DEPT|1951-01-01|VCSUITE|DEPARTMENT|300000001493021|A
MERGE|OrgUnitClassification|ALTAHRN01|WORKLINK_DEPT|1951-01-01|WORKLINK|DEPARTMENT|300000001493021|A
